{"cameraMode":{"drawMode":0,"name":"Shaded","section":"Shading Mode"},"sceneLighting":true,"audioPlay":false,"sceneViewState":{"m_AlwaysRefresh":false,"showFog":true,"showSkybox":true,"showFlares":true,"showImageEffects":true,"showParticleSystems":true,"showVisualEffectGraphs":true,"m_FxEnabled":true},"in2DMode":false,"pivot":{"x":-18.410476684570314,"y":-16.431285858154298,"z":-18.26276397705078},"rotation":{"x":0.12273065000772476,"y":-0.8699701428413391,"z":0.27197566628456118,"w":0.39257946610450747},"size":19.73984718322754,"orthographic":false}